report,version
ago_survey,2022
bwa_survey,2022
swz_survey,2022
eth_survey,2022
ken_survey,2022
lso_survey,2022
mwi_survey,2022
moz_survey,2022
nam_survey,2022
rwa_survey,2022
zaf_survey,2022
ssd_survey,2022
uga_survey,2022
tza_survey,2022
zmb_survey,2022
zwe_survey,2022
ben_survey,2022
bfa_survey,2022
bdi_survey,2022
cmr_survey,2022
caf_survey,2022
tcd_survey,2022
cog_survey,2022
civ_survey,2022
cod_survey,2022
gnq_survey,2022
gab_survey,2022
gmb_survey,2022
gha_survey,2022
gin_survey,2022
gnb_survey,2022
lbr_survey,2022
mli_survey,2022
ner_survey,2022
nga_survey,2022
sen_survey,2022
sle_survey,2022
tgo_survey,2022